docs_count  ,stored_docs_count  ,avg_duration,   PR,     note
583,        ,0                  ,0:00:04.008009  ,-      ,-
712         ,0                  ,0:00:01.406726  ,#3555  ,-
712,        ,0                  ,0:00:00.942015  ,#3614  ,-
